date,stance,text
2026-06-22,偏积极,今天市场数据显示，整体偏向积极，但需要注意一些细节。虽然波动率和收益率曲线都处于中性或偏平状态，信用利差偏低说明市场对信用风险比较乐观，个股之间也没有过度跟随。不过，纳指方向信号的可靠性不高，所以我们不能完全放松警惕。  （这是数据读数不是预测，会错，过去不代表未来）
2026-06-24,偏积极,今天市场数据整体偏积极，但需要注意一些细节。VIX 波动率处于中性水平，收益率曲线也显示正常，信用利差偏低意味着市场对信用风险的担忧不大，个股相关性较低说明市场分散性较好。综合来看，当前市场环境相对健康，可以偏积极一些。  （这是数据读数不是预测，会错，过去不代表未来）
2026-06-26,偏积极,今天市场数据整体偏向积极，虽然波动率（衡量市场恐慌程度的指标，越高越慌）处于中等水平，但收益率曲线（衡量借钱的难易程度，越陡峭越好）和信用利差（衡量借钱的风险溢价，越低越好）都显示出一些积极信号，表明市场对风险的承受能力在增强。个股之间走势不太一致（相关性/共动，衡量股票之间涨跌是否同步，越低越分散），这有利于分散风险。  （这是数据读数不是预测，会错，过去不代表未来）
2026-06-29,偏积极,今天市场读数显示，整体市场倾向偏积极，但需要注意一些信号。VIX（衡量市场恐慌程度的指标，越高越慌）处于中性水平，收益率曲线（衡量长期和短期借钱成本差，通常预示经济状况）是正斜率但比较平，说明经济扩张信号不强。信用利差（衡量借钱风险溢价，利差低说明大家觉得借钱风险小）偏低，这通常是积极信号，但也要警惕是否处于经济周期的晚期。个股共动（衡量股票之间涨跌是否一致，低说明大家走势不同，分散风险效果好）偏低，说明市场比较健康。综合来看，目前市场偏积极，但不是非常强劲，可以稍微偏积极一些。  （这是数据读数不是预测，会错，过去不代表未来）
2026-06-30,偏积极,今天市场数据总体上有点偏积极，因为衡量市场恐慌程度的 VIX（越高越慌）和衡量市场对公司还钱信心的信用利差（越低越好）都显示出相对乐观的信号，而且个股之间走势不太一致（相关性低），这说明市场比较健康。虽然纳指方向信号不太给力，但整体来看，当前市场环境更适合稍微偏积极一点。 （这是数据读数不是预测，会错，过去不代表未来）
2026-07-01,偏积极,今天市场数据整体偏积极，因为衡量市场恐慌程度的 VIX（波动率 VIX）处于中等水平，而衡量大家借钱难易程度的信用利差（信用利差）也比较低，说明大家借钱相对容易，市场情绪比较宽松。虽然个股之间走势不太一致（个股共动），这反而有利于分散风险，市场整体呈现出一种健康的状态。另外，标普500指数的长期均线（50日均线）已经突破了更长期的均线（200日均线），这通常被看作是市场趋势向上的一个积极信号。  （这是数据读数不是预测，会错，过去不代表未来）
2026-07-02,偏积极,今天市场读数显示，整体倾向是偏积极的，因为衡量市场恐慌程度的 VIX（越高越慌）处于中等水平，而且代表市场信心的信用利差（衡量借钱难易程度，越低越容易）也比较低，这通常意味着大家对借钱和还钱没那么担心。虽然个股之间走势不太一致（相关性低，意味着大家各自为战，分散风险效果好），但这些积极信号的强度不算特别强。  （这是数据读数不是预测，会错，过去不代表未来）
2026-07-03,偏积极,今天市场读数显示，整体情况偏向积极，因为衡量市场恐慌程度的 VIX（越高越慌）处于中等水平，而且代表着市场对未来经济信心的收益率曲线（越陡峭越好）是正向的，虽然信用利差（衡量企业借钱成本和无风险借钱成本的差距，越低越好）有点低，但整体风险不大。个股之间走势比较分散，说明市场没有过度抱团。虽然有历史数据显示七月通常上涨，但这个规律并不强。  （这是数据读数不是预测，会错，过去不代表未来）
2026-07-07,偏积极,今天市场数据总体来看是偏积极的，因为衡量市场恐慌程度的 VIX 指数（VIX 15.6）处于一个相对温和的水平，而且大家借钱的成本（信用利差 1.54）也比较低，说明市场对风险的承受能力还不错。虽然大家买卖股票的关联度（相关性 0.13）不高，意味着个股走势比较分散，这通常是健康的表现。另外，标普 50 日均线向上穿过 200 日均线（标普金叉）这个历史规律今天也成立，过去这种情况下市场上涨的概率略高一些。  （这是数据读数不是预测，会错，过去不代表未来）
2026-07-10,偏积极,今天市场数据总体来看，偏向积极一些。虽然市场恐慌程度（VIX）处于中等水平，但一些重要的信号是积极的，比如公司之间股价走势不太一致（个股共动偏低），这说明市场比较健康，大家没有盲目跟风。另外，一个历史规律显示，当大家对纳指非常悲观时（COT 纳指投机仓位极空），未来纳指上涨的概率会变大，而现在这个情况正在发生。  （这是数据读数不是预测，会错，过去不代表未来）
2026-07-13,偏积极,今天市场数据总体来看偏向积极，因为衡量市场恐慌程度的 VIX 指数（越高越慌）处于中等水平，而且公司借钱的成本（信用利差，越低越容易借钱）也比较低，这通常意味着大家对经济比较有信心。虽然一些衡量市场情绪的指标显示大家想法不一（个股共动偏低），但整体上市场风险不是特别高。另外，一个显示市场长期趋势向上的技术信号（标普金叉）今天正好成立，也给市场带来一丝积极的信号。  （这是数据读数不是预测，会错，过去不代表未来）
2026-07-14,偏积极,今天的数据显示市场整体**偏积极**。虽然市场恐慌程度（VIX）处于中等水平，但代表借钱难易程度的信用利差（Baa-10Y）偏低，说明大家借钱相对容易，这通常是积极信号。同时，比特币（BTC）和标普500指数（S&P 500）的近期表现也显示出积极的动量和上升趋势。  （这是数据读数不是预测，会错，过去不代表未来）
2026-07-15,偏积极,今天市场数据整体偏积极，因为衡量市场恐慌程度的 VIX（越高越慌）处于中性水平，而且代表市场活力的个股共动（大家走势是否一致）比较低，说明大家各自表现，市场更健康。虽然收益率曲线（衡量借钱难易程度的指标）有点平，但信用利差（衡量借钱风险溢价）偏低，说明大家借钱的风险不大，市场信心较足。另外，比特币和标普500指数的短期动量都表现不错，历史数据显示这通常对市场有利。  （这是数据读数不是预测，会错，过去不代表未来）
2026-07-16,偏积极,今天市场数据整体偏积极，因为衡量市场恐慌程度的 VIX（衡量市场恐慌程度的指标，越高越慌）处于中等水平，而且反映企业借钱成本的信用利差（衡量企业借钱成本与国债利率差的指标，越低越容易借钱）也比较低，说明大家借钱的意愿比较强。虽然个股之间走势不太一致（相关性/共动，衡量股票之间联动性的指标，越低越分散），这反而有利于分散风险。另外，比特币近期的上涨（BTC 20 日动量为正）和标普指数的均线形态（标普金叉）也显示出积极的信号。 （这是数据读数不是预测，会错，过去不代表未来）
2026-07-20,偏积极,今天的数据显示市场整体倾向于偏积极，因为衡量市场恐慌程度的 VIX 指数（越高越慌）处于中等水平，而且代表市场信心的信用利差（衡量借钱难易程度，越低越容易）也比较低，这通常意味着大家对经济比较乐观。虽然一些衡量市场情绪的指标显示大家各自为政，分散投资效果不错，但比特币和标普指数的一些历史规律（比如比特币近期涨势不错，标普指数也出现了技术上的看涨信号）也为积极倾向增添了一些支持。  （这是数据读数不是预测，会错，过去不代表未来）
2026-07-21,偏积极,今天市场读数显示，整体倾向偏积极，因为衡量市场恐慌程度的 VIX 指数（越高越慌）处于中性水平，而且代表市场信心的信用利差（衡量借钱难易程度，越低越容易）也偏低，这通常意味着大家对市场比较乐观。虽然个股之间走势比较分散（相关性低，意味着大家各自有自己的表现，不是一股脑地跟着涨跌），但像比特币的动量（近期涨幅）和标普指数的金叉（短期均线穿过长期均线，代表趋势向上）等历史规律都显示出积极信号。  （这是数据读数不是预测，会错，过去不代表未来）
2026-07-22,偏积极,今天市场数据总体偏积极，因为衡量市场恐慌程度的 VIX 指数（越高越慌）处于中等水平，而且大家买卖股票的同步性（相关性，越低越好）比较低，说明市场比较健康。虽然一些历史规律显示特定月份（比如九月）市场表现不佳，但这些规律今天并未生效。  （这是数据读数不是预测，会错，过去不代表未来）
2026-07-23,偏积极,今天市场数据整体显示出“偏积极”的倾向。虽然市场波动率（衡量市场恐慌程度的指标，越高越慌）处于中等水平，但收益率曲线（衡量长期和短期借钱成本差异的指标，正的表示长期借钱贵）是正向平坦的，信用利差（衡量借钱给风险较高公司比给政府多收多少利息的指标，越低表示大家觉得公司越不容易违约）也偏低，这些都暗示市场风险偏好有所提升。同时，个股之间走势不一致（衡量股票之间联动性，低表示大家走势各不相同，分散效果好），这通常是市场健康的表现。有一个历史规律显示，当大盘出现过大跌后，次日上涨的概率略低于平均水平，但这个规律的可靠性正在减弱，不宜过度参考。 （这是数据读数不是预测，会错，过去不代表未来）
2026-07-28,偏积极,今天市场读数显示，整体倾向偏积极，因为衡量市场恐慌程度的 VIX（越高越慌）处于中性水平，而且衡量市场对未来经济信心的收益率曲线（越陡峭越好）虽然平缓但仍是正的。同时，信用利差（衡量借钱难易程度，越低越容易）偏低，说明大家借钱相对容易，这通常是积极信号。虽然个股之间走势比较分散（相关性低），这有助于分散风险，但需要注意，一些历史规律（如标普金叉）今天正好成立，显示出技术上的向上趋势。  （这是数据读数不是预测，会错，过去不代表未来）
2026-07-29,中性,今天的数据显示市场整体倾向中性，没有特别强烈的看涨或看跌信号。虽然一些指标，比如 VIX（衡量市场恐慌程度的指标，越高越慌）和收益率曲线（衡量不同期限国债利率差，通常预示经济状况），显示出一些偏向防御的迹象，但信用利差（衡量企业借钱成本和国债利率差，低了说明大家觉得企业还钱没啥风险）却比较低，这又有点偏向积极。目前来看，市场整体处于一个相对平衡的状态，没有明显的危险信号，也没有特别强的上涨动力。  （这是数据读数不是预测，会错，过去不代表未来）
2026-07-30,偏积极,今天市场读数显示，整体倾向偏积极，但需要注意一些细节。  市场情绪（VIX）显示波动不大，收益率曲线（衡量长期和短期国债利率差，正常时越长利率越高）也比较平缓，表明短期内没有明显的衰退担忧。信用利差（衡量企业借钱比政府借钱多多少利息）较低，说明大家对企业还钱的能力比较有信心，愿意承担更多风险。个股之间的联动性（相关性，衡量大家买卖股票是否一致）比较低，说明市场比较分散，不是大家一股脑地追涨杀跌。  虽然历史数据显示7月份市场上涨概率稍高，但我们不能完全依赖过去。目前有一条历史规律显示标普500指数的短期均线（50日）已经突破了长期均线（200日），这通常被看作是市场趋势向上的信号。  （这是数据读数不是预测，会错，过去不代表未来）
2026-07-31,偏积极,今天的数据显示市场整体倾向偏积极，因为衡量市场恐慌程度的 VIX 指数（越高越慌）处于中等水平，而且衡量大家对未来经济信心的收益率曲线（10Y-2Y 收益率差，正斜率代表对经济有信心）是正的，说明大家对经济的信心还在。同时，大家买卖股票的关联度（个股共动，低关联度代表大家各自操作，分散风险好）比较低，说明市场比较健康。虽然七月份历史上涨概率稍高，但这个规律并不强。  （这是数据读数不是预测，会错，过去不代表未来）
2026-08-03,偏积极,今天市场数据总体显示偏积极，因为衡量市场恐慌程度的 VIX 指数（越高越慌）处于中等水平，而且收益率曲线（衡量长期和短期国债利率差，通常越陡峭越好）虽然平缓但仍是正的。信用利差（衡量企业借钱比政府借钱贵多少，越低越好）也偏低，说明市场对企业还钱的信心比较足。个股之间的联动性（大家都跟着大盘走还是各走各的）比较低，说明市场比较分散，不是大家都在追逐少数热门股票。  虽然现在是 8 月份，但历史数据显示 8 月份上涨的概率比其他月份略高一些，不过这个信号比较弱。有一个历史规律显示标普 500 指数（美国大公司股票指数）的短期均线（50 日线）上穿长期均线（200 日线）时，未来 20 天上涨的概率会比平均水平高一点，这个规律今天正好成立。  （这是数据读数不是预测，会错，过去不代表未来）
2026-08-04,偏积极,今天市场数据总体显示出一点积极的信号。虽然市场波动性（衡量市场恐慌程度的指标，越高越慌）处于中等水平，但收益率曲线（衡量长期和短期借钱成本差异的指标，正常是向上倾斜的）是正的，说明短期借钱比长期贵，这通常是经济健康的表现。同时，信用利差（衡量借钱给风险高公司比给政府多付多少利息的指标）比较低，说明大家借钱给企业的意愿比较强，愿意承担的风险也比较高。  综合来看，当前市场倾向于偏积极一些。  （这是数据读数不是预测，会错，过去不代表未来）
2026-08-05,偏积极,今天市场数据总体偏积极，因为衡量市场恐慌程度的 VIX 指数（越高越慌）处于中等水平，而且衡量借钱难易程度的信用利差（利差越低越容易借钱）也比较低，这通常意味着市场比较宽松。虽然个股之间走势不太一致（相关性低，意味着分散投资效果好），但整体市场情绪是比较乐观的。  （这是数据读数不是预测，会错，过去不代表未来）
2026-08-07,偏积极,今天市场数据整体偏积极，因为衡量市场恐慌程度的 VIX（衡量市场恐慌程度的指标，越高越慌）处于中性水平，而且衡量市场对公司还款能力的担忧程度的信用利差（衡量公司借钱成本的指标，利差越低越好）也偏低，说明市场比较乐观。虽然个股之间走势不太一致（相关性低，说明大家各自为战，比较健康），但这个积极信号比较强。  （这是数据读数不是预测，会错，过去不代表未来）
2026-08-10,偏积极,今天市场数据总体偏积极，因为衡量市场恐慌程度的 VIX 指数（越高越慌）处于中性水平，而且代表市场对未来经济信心的收益率曲线（越陡峭越好）是正向的，虽然信用利差（衡量借钱难易程度，越低越容易）有点偏低，但整体环境相对宽松。另外，个股走势比较分散（相关性低），说明市场没有过度抱团，这是个健康的信号。历史上，当市场投机者极度看空（COT 纳指投机仓位极空）以及标普指数出现金叉（50日均线上穿200日均线）时，市场未来表现往往不错。 （这是数据读数不是预测，会错，过去不代表未来）
2026-08-11,偏积极,今天市场数据整体偏积极，因为衡量市场恐慌程度的 VIX（越高越慌）处于中等水平，而且衡量市场对未来经济预期的收益率曲线（越陡峭越好）也显示出积极信号。同时，信用利差（衡量借钱难易程度，越低越容易）较低，说明市场信用宽松，大家借钱投资的意愿较强。  另外，一些历史规律也显示出积极迹象，比如近期纳指投机者极度看空，这在历史上往往预示着市场上涨。  （这是数据读数不是预测，会错，过去不代表未来）
2026-08-12,偏积极,今天的数据显示市场整体偏向积极。VIX（衡量市场恐慌程度的指标，越高越慌）处于中性水平，收益率曲线（衡量长期和短期国债利率差，通常预示经济状况）也比较平稳，信用利差（衡量公司债和国债的利率差，低表示借钱容易）偏低，说明大家借钱的成本不高，这都是偏积极的信号。同时，个股之间相关性不高（大家各自表现，说明市场分散性好），这也是一个健康的表现。历史规律显示，当投机者极度看空时（COT 纳指投机仓位极空），市场未来上涨的概率会增加，目前这个规律是成立的。  （这是数据读数不是预测，会错，过去不代表未来）
2026-08-13,偏积极,今天市场数据整体偏积极，因为衡量市场恐慌程度的 VIX（指标越高越慌）处于中性水平，而且衡量市场对未来经济信心的收益率曲线（长短期国债收益率差，正斜率代表对未来经济有信心）是正的，说明大家对未来经济还比较有信心。同时，大家投资股票的关联度（个股共动，指股票们涨跌是否一致）比较低，说明市场分散性好，风险相对分散。  （这是数据读数不是预测，会错，过去不代表未来）
2026-08-14,偏积极,今天的数据显示市场整体偏向积极，主要因为衡量市场恐慌程度的 VIX 指数（越高越慌）处于中性水平，而且衡量大家对经济信心强弱的信用利差（利差越低越说明大家觉得借钱风险小）也比较低，这通常意味着大家对经济比较乐观。虽然一些历史规律显示纳指投机者非常看空（这有时意味着市场可能要反弹），但也有其他一些历史规律今天并未生效。  （这是数据读数不是预测，会错，过去不代表未来）
