portfolio,symbol,aud_invested,shares,first_seen,entry_date,entry_px,fx_entry,bench,bench_entry_px,exit_date,exit_px,status
美股指数,QQQ,10000.0,10.101483,2026-08-31,2026-09-01,708.02,0.715205,QQQ,708.02,,,open
澳股指数,VAS.AX,10000.0,88.77841,2026-08-31,2026-09-01,112.64,1.0,^AXJO,9044.5996,,,open
规则荐股,KO,3330.0,27.029003,2026-08-31,2026-09-01,88.114,0.715205,QQQ,708.02,,,open
规则荐股,LLY,3330.0,2.044084,2026-08-31,2026-09-01,1165.135,0.715205,QQQ,708.02,,,open
规则荐股,AAPL,3340.0,7.352372,2026-08-31,2026-09-01,324.9,0.715205,QQQ,708.02,,,open
我的选股,AAPL,2500.0,5.503272,2026-08-31,2026-09-01,324.9,0.715205,QQQ,708.02,,,open
我的选股,INTC,2500.0,20.173905,2026-08-31,2026-09-01,88.63,0.715205,QQQ,708.02,,,open
我的选股,GOOGL,2500.0,5.332577,2026-08-31,2026-09-01,335.3,0.715205,QQQ,708.02,,,open
我的选股,PFE,2500.0,62.491722,2026-08-31,2026-09-01,28.612,0.715205,QQQ,708.02,,,open
